Μαζί θα μάθουμε ελληνικά.	Together we will learn Greek.	ελληνικά		n. nt. pl. τα ελληνικά
Καλωσήρθατε στην τάξη.	Welcome to the class.	Καλωσήρθατε		intj. καλώς ήρθατε
Γνωριζόμαστε.	We are getting to know each other.	Γνωριζόμαστε		v. γνωρίζομαι · 1 pl.
Μαθαίνουμε μαζί.	We are learning together.	Μαθαίνουμε		v. μαθαίνω · 1 pl.
Περπατήστε στην τάξη.	Walk around the classroom.	Περπατήστε		v. περπατώ · imp. pl.
Βρείτε ένα άτομο.	Find one person.	άτομο		n. nt. sg. το άτομο, pl. τα άτομα
Ταιριάζει σε κάθε περιγραφή.	They match each description.	περιγραφή		n. f. sg. η περιγραφή, pl. οι περιγραφές
Ρωτήστε τον συμμαθητή σας.	Ask your classmate.	συμμαθητή		n. m. sg. ο συμμαθητής, pl. οι συμμαθητές · acc. sg.
Γράψτε το όνομά του.	Write his name.	όνομά		n. nt. sg. το όνομα, pl. τα ονόματα · acc. sg.
Έχει μπλε μάτια.	He has blue eyes.	μπλε		adj. μπλε
Έχει μακριά μαλλιά.	She has long hair.	μακριά		adj. μακρύς, -ιά, -ύ · n. pl.
Έχει κοντά μαλλιά.	He has short hair.	κοντά		adv.
Αγαπάει τη ροκ μουσική.	She likes rock music.	ροκ		n. nt. sg. το ροκ
Αγαπάει την ποπ μουσική.	He likes pop music.	ποπ		n. f. sg. η ποπ
Αγαπάει τη ραπ μουσική.	She likes rap music.	ραπ		n. f. sg. η ραπ
Έχει έναν αδερφό.	He has a brother.	αδερφό		n. m. sg. ο αδερφός, pl. οι αδερφοί · acc. sg.
Έχει μία αδερφή.	She has a sister.	αδερφή		n. f. sg. η αδερφή, pl. οι αδερφές
Έχει δύο αδέλφια.	He has two siblings.	αδέλφια		n. nt. pl. τα αδέλφια
Έχει ταξιδέψει.	He has travelled.	ταξιδέψει		v. ταξιδεύω · perf.
Έχει ταξιδέψει στην Ελλάδα.	She has travelled to Greece.	Ελλάδα		n. f. sg. η Ελλάδα
Έχει ταξιδέψει στο εξωτερικό.	He has travelled abroad.	εξωτερικό		n. nt. sg. το εξωτερικό
Του αρέσει να διαβάζει.	He likes to read.	διαβάζει		v. διαβάζω · 3 sg.
Της αρέσουν οι ταινίες.	She likes films.	ταινίες		n. f. sg. η ταινία, pl. οι ταινίες
Του αρέσουν τα ζώα.	He likes animals.	ζώα		n. nt. sg. το ζώο, pl. τα ζώα
Του αρέσουν οι σκύλοι.	He likes dogs.	σκύλοι		n. m. sg. ο σκύλος, pl. οι σκύλοι
Του αρέσουν οι γάτες.	He likes cats.	γάτες		n. f. sg. η γάτα, pl. οι γάτες
Της αρέσει το ποδόσφαιρο.	She likes football.	ποδόσφαιρο		n. nt. sg. το ποδόσφαιρο
Δεν έχει φαλάκρα.	He is not bald.	φαλάκρα		n. f. sg. η φαλάκρα
Έχει πυκνά μαλλιά.	He has thick hair.	πυκνά		adj. πυκνός, -ή, -ό · n. pl.
Έχει σγουρά μαλλιά.	She has curly hair.	σγουρά		adj. σγουρός, -ή, -ό · n. pl.
Έχει λεπτά χείλη.	He has thin lips.	χείλη		n. nt. sg. το χείλος, pl. τα χείλη
Φοράει γυαλιά.	She wears glasses.	γυαλιά		n. nt. pl. τα γυαλιά
Είναι μια γυναίκα.	She is a woman.	γυναίκα		n. f. sg. η γυναίκα, pl. οι γυναίκες
Είναι γύρω στα 30.	She is around 30.	γύρω		adv.
Έχει στρόγγυλο πρόσωπο.	She has a round face.	στρόγγυλο		adj. στρόγγυλος, -η, -ο · n. sg.
Έχει μαύρα μαλλιά.	She has black hair.	μαύρα		adj. μαύρος, -η, -ο · n. pl.
Είναι παχουλή.	She is plump.	παχουλή		adj. παχουλός, -ή, -ό · f. sg.
Είναι μέσης ηλικίας.	She is middle-aged.	ηλικίας		n. f. sg. η ηλικία, pl. οι ηλικίες · gen. sg.
Είναι καστανή.	She is brunette.	καστανή		adj. καστανός, -ή, -ό · f. sg.
Έχει ξανθές ανταύγειες.	She has blonde highlights.	ανταύγειες		n. f. sg. η ανταύγεια, pl. οι ανταύγειες
Ο άντρας είναι φαλακρός.	The man is bald.	φαλακρός		adj. φαλακρός, -ή, -ό
Ο άντρας έχει μούσι.	The man has a beard.	μούσι		n. nt. sg. το μούσι
Το πρόσωπο είναι μακρόστενο.	The face is long.	μακρόστενο		adj. μακρόστενος, -η, -ο · n. sg.
Μερικοί άνθρωποι το πιστεύουν.	Some people believe it.	πιστεύουν		v. πιστεύω · 3 pl.
Το πρόσωπο δείχνει τον χαρακτήρα.	The face shows character.	πρόσωπο		n. nt. sg. το πρόσωπο, pl. τα πρόσωπα
Τα χαρακτηριστικά δείχνουν τον χαρακτήρα.	The features show character.	χαρακτηριστικά		n. nt. sg. το χαρακτηριστικό, pl. τα χαρακτηριστικά
Δείχνουν τους χαρακτήρες μας.	They show our characters.	χαρακτήρες		n. m. sg. ο χαρακτήρας, pl. οι χαρακτήρες
Χωρίζουν το πρόσωπο σε ζώνες.	They divide the face into zones.	ζώνες		n. f. sg. η ζώνη, pl. οι ζώνες
Ξεκινάει από τη γραμμή των μαλλιών.	It starts from the hairline.	γραμμή		n. f. sg. η γραμμή, pl. οι γραμμές
Φτάνει μέχρι τα φρύδια.	It reaches the eyebrows.	φρύδια		n. nt. sg. το φρύδι, pl. τα φρύδια
Η δεύτερη ζώνη αρχίζει από τα φρύδια.	The second zone starts at the eyebrows.	αρχίζει		v. αρχίζω · 3 sg.
Τελειώνει στη μύτη.	It ends at the nose.	μύτη		n. f. sg. η μύτη, pl. οι μύτες
Η τρίτη ζώνη φτάνει στο πηγούνι.	The third zone reaches the chin.	πηγούνι		n. nt. sg. το πηγούνι, gen. του πηγουνιού
Μια ζώνη είναι πιο μεγάλη.	One zone is bigger.	μεγάλη		adj. μεγάλος, -η, -ο · f. sg.
Τότε έχουμε πληροφορίες.	Then we have information.	πληροφορίες		n. f. sg. η πληροφορία, pl. οι πληροφορίες
Η πρώτη ζώνη είναι το μέτωπο.	The first zone is the forehead.	μέτωπο		n. nt. sg. το μέτωπο, pl. τα μέτωπα
Το μέτωπο συμβολίζει τη σκέψη.	The forehead symbolizes thought.	σκέψη		n. f. sg. η σκέψη, pl. οι σκέψεις
Φανερώνει το συναίσθημα.	It reveals emotion.	συναίσθημα		n. nt. sg. το συναίσθημα, pl. τα συναισθήματα
Φανερώνει τα ένστικτα.	It reveals the instincts.	ένστικτα		n. nt. sg. το ένστικτο, pl. τα ένστικτα
Υπάρχουν τρεις τύποι μετώπων.	There are three types of forehead.	τύποι		n. m. sg. ο τύπος, pl. οι τύποι
Πηγαίνουν προς τα πίσω.	They slope backwards.	πίσω		adv.
Μερικά μέτωπα είναι ίσια.	Some foreheads are straight.	ίσια		adj. ίσιος, -α, -ο · n. pl.
Μερικά μέτωπα προεξέχουν.	Some foreheads jut out.	προεξέχουν		v. προεξέχω · 3 pl.
Ο πρώτος τύπος είναι ευαίσθητος.	The first type is sensitive.	ευαίσθητος		adj. ευαίσθητος, -η, -ο
Ο πρώτος τύπος έχει φαντασία.	The first type has imagination.	φαντασία		n. f. sg. η φαντασία
Ο δεύτερος τύπος είναι πρακτικός.	The second type is practical.	πρακτικός		adj. πρακτικός, -ή, -ό
Ο τρίτος τύπος είναι ανώριμος.	The third type is immature.	ανώριμος		adj. ανώριμος, -η, -ο
Το μέγεθος έχει σημασία.	The size matters.	μέγεθος		n. nt. sg. το μέγεθος
Έχει μεγάλη σημασία.	It is very significant.	σημασία		n. f. sg. η σημασία
Είναι σταθερός χαρακτήρας.	He is a steady character.	σταθερός		adj. σταθερός, -ή, -ό
Έχει μικρό μέτωπο.	He has a small forehead.	μικρό		adj. μικρός, -ή, -ό · n. sg.
Οι έξυπνοι έχουν μεγάλο μέτωπο.	Clever people have a large forehead.	έξυπνοι		adj. έξυπνος, -η, -ο · m. pl.
Είναι ευγενικός άνθρωπος.	He is a polite person.	ευγενικός		adj. ευγενικός, -ή, -ό
Έχει κανονικό μέτωπο.	He has an average forehead.	κανονικό		adj. κανονικός, -ή, -ό · n. sg.
Τα φρύδια φανερώνουν τον χαρακτήρα.	The eyebrows reveal character.	φανερώνουν		v. φανερώνω · 3 pl.
Είναι σεμνός άνθρωπος.	He is a modest person.	σεμνός		adj. σεμνός, -ή, -ό
Είναι απλός άνθρωπος.	He is an unpretentious person.	απλός		adj. απλός, -ή, -ό
Είναι δυναμικός χαρακτήρας.	He is a dynamic character.	δυναμικός		adj. δυναμικός, -ή, -ό
Τότε είναι σοβαρός.	Then he is serious.	σοβαρός		adj. σοβαρός, -ή, -ό
Η απόσταση είναι μεγάλη.	The distance is large.	απόσταση		n. f. sg. η απόσταση, pl. οι αποστάσεις
Δείχνει ικανό άνθρωπο.	It shows a capable person.	ικανό		adj. ικανός, -ή, -ό · n. sg.
Τα μάτια δείχνουν χιούμορ.	The eyes show humour.	χιούμορ		n. nt. sg. το χιούμορ
Δείχνουν άνθρωπο με νεύρα.	They show a highly strung person.	νεύρα		n. nt. sg. το νεύρο, pl. τα νεύρα
Θυμώνει πολύ εύκολα.	He gets angry very easily.	Θυμώνει		v. θυμώνω · 3 sg.
Μαλώνει πολύ εύκολα.	He argues very easily.	Μαλώνει		v. μαλώνω · 3 sg.
Τα μπλε μάτια δείχνουν ήρεμο άτομο.	Blue eyes show a calm person.	ήρεμο		adj. ήρεμος, -η, -ο · n. sg.
Έχει πράσινα μάτια.	She has green eyes.	πράσινα		adj. πράσινος, -η, -ο · n. pl.
Τα πράσινα μάτια δείχνουν θάρρος.	Green eyes show courage.	θάρρος		n. nt. sg. το θάρρος
Πιστεύετε στα παραπάνω;	Do you believe the above?	παραπάνω		adv.
Πόσο αληθινά είναι;	How true are they?	αληθινά		adj. αληθινός, -ή, -ό · n. pl.
Η Μαρία έχει ικανότητες.	Maria has abilities.	ικανότητες		n. f. sg. η ικανότητα, pl. οι ικανότητες
Έχει πίστη στον εαυτό της.	She has faith in herself.	πίστη		n. f. sg. η πίστη
Είναι 20 χρονών.	She is 20 years old.	χρονών		n. m. sg. ο χρόνος, pl. οι χρόνοι · gen. pl.
Γράφει ωραία παραμύθια.	She writes nice fairy tales.	παραμύθια		n. nt. sg. το παραμύθι, pl. τα παραμύθια
Βρίσκουμε πληροφορίες για τα έθιμα.	We find information about the customs.	έθιμα		n. nt. sg. το έθιμο, pl. τα έθιμα
Φαίνεται η φαντασία της.	Her imagination shows.	Φαίνεται		v. φαίνομαι · 3 sg.
Οι χαρακτήρες είναι πάντα ζώα.	The characters are always animals.	πάντα		adv.
Ο ελέφαντας είναι ένα σύμβολο.	The elephant is a symbol.	ελέφαντας		n. m. sg. ο ελέφαντας, pl. οι ελέφαντες
Είναι σύμβολο εξυπνάδας.	It is a symbol of cleverness.	εξυπνάδας		n. f. sg. η εξυπνάδα · gen. sg.
Ο σκύλος συμβολίζει τη φιλία.	The dog symbolizes friendship.	φιλία		n. f. sg. η φιλία
Το κουνέλι συμβολίζει την ωριμότητα.	The rabbit symbolizes maturity.	ωριμότητα		n. f. sg. η ωριμότητα
Το λιοντάρι έχει δύναμη.	The lion has strength.	λιοντάρι		n. nt. sg. το λιοντάρι
Τα παραμύθια έχουν επιτυχία.	The fairy tales are a success.	επιτυχία		n. f. sg. η επιτυχία
Σπουδάζει ψυχολογία.	She studies psychology.	ψυχολογία		n. f. sg. η ψυχολογία
Κάνει όνειρα.	She dreams.	όνειρα		n. nt. sg. το όνειρο, pl. τα όνειρα
Κάνει όνειρα για το μέλλον.	She dreams about the future.	μέλλον		n. nt. sg. το μέλλον
Ταίριαξε τις εικόνες.	Match the pictures.	εικόνες		n. f. sg. η εικόνα, pl. οι εικόνες
Συμπλήρωσε τον πίνακα.	Fill in the table.	πίνακα		n. m. sg. ο πίνακας, pl. οι πίνακες · acc. sg.
Διάλεξε πέντε λέξεις.	Pick five words.	λέξεις		n. f. sg. η λέξη, pl. οι λέξεις
Φτιάξε προτάσεις.	Make sentences.	προτάσεις		n. f. sg. η πρόταση, pl. οι προτάσεις
Διάλεξε την κατάλληλη λέξη.	Pick the right word.	κατάλληλη		adj. κατάλληλος, -η, -ο · f. sg.
Γίνετε ζευγάρια.	Work in pairs.	ζευγάρια		n. nt. sg. το ζευγάρι, pl. τα ζευγάρια
Αντιστοιχίστε τις προτάσεις.	Match the sentences.	Αντιστοιχίστε		v. αντιστοιχίζω · imp. pl.
Ανήκουν στην ίδια οικογένεια.	They belong to the same family.	οικογένεια		n. f. sg. η οικογένεια, pl. οι οικογένειες
Μαθαίνουμε μαζί.	We are learning together.	μαζί		adv.
Μαζί θα μάθουμε ελληνικά.	Together we will learn Greek.	θα		part.
Καλωσήρθατε στην τάξη.	Welcome to the class.	στην		prep. + art. f. sg. acc.
Βρείτε ένα άτομο.	Find one person.	Βρείτε		v. βρίσκω · imp. pl.
Ταιριάζει σε κάθε περιγραφή.	They match each description.	Ταιριάζει		v. ταιριάζω · 3 sg.
Ρωτήστε τον συμμαθητή σας.	Ask your classmate.	Ρωτήστε		v. ρωτώ · imp. pl.
Συμπλήρωσε τον πίνακα.	Fill in the table.	τον		art. m. sg. acc.
Γράψτε το όνομά του.	Write his name.	Γράψτε		v. γράφω · imp. pl.
Φανερώνει το συναίσθημα.	It reveals emotion.	το		art. n. sg.
Έχει ταξιδέψει.	He has travelled.	Έχει		v. έχω · 3 sg.
Αγαπάει τη ροκ μουσική.	She likes rock music.	Αγαπάει		v. αγαπώ · 3 sg.
Μαζί θα μάθουμε ελληνικά.	Together we will learn Greek.	μάθουμε		v. μαθαίνω · 1 pl. perf.
Καλωσήρθατε στην τάξη.	Welcome to the class.	τάξη		n. f. sg. η τάξη, pl. οι τάξεις
Βρείτε ένα άτομο.	Find one person.	ένα		num. n. sg.
Ταιριάζει σε κάθε περιγραφή.	They match each description.	σε		prep.
Αγαπάει την ποπ μουσική.	He likes pop music.	την		art. f. sg. acc.
Έχει έναν αδερφό.	He has a brother.	έναν		num. m. sg. acc.
Γράψτε το όνομά του.	Write his name.	του		art. m. sg. gen.
Έχει μία αδερφή.	She has a sister.	μία		num. f. sg.
Έχει δύο αδέλφια.	He has two siblings.	δύο		num.
Έχει ταξιδέψει στο εξωτερικό.	He has travelled abroad.	στο		prep. + art. n. sg.
Του αρέσει να διαβάζει.	He likes to read.	να		part.
Της αρέσουν οι ταινίες.	She likes films.	Της		pron. f. sg. gen.
Αγαπάει τη ροκ μουσική.	She likes rock music.	τη		art. f. sg. acc.
Ταιριάζει σε κάθε περιγραφή.	They match each description.	κάθε		adj. κάθε
Φανερώνει τα ένστικτα.	It reveals the instincts.	τα		art. n. pl.
Δεν έχει φαλάκρα.	He is not bald.	Δεν		part.
Έχει λεπτά χείλη.	He has thin lips.	λεπτά		adj. λεπτός, -ή, -ό · n. pl.
Φοράει γυαλιά.	She wears glasses.	Φοράει		v. φορώ · 3 sg.
Είναι παχουλή.	She is plump.	Είναι		v. είμαι · 3 sg.
Είναι μια γυναίκα.	She is a woman.	μια		art. f. sg. nom.
Πιστεύετε στα παραπάνω;	Do you believe the above?	στα		prep. + art. n. pl.
Της αρέσουν οι ταινίες.	She likes films.	οι		art. pl. nom.
Είναι γύρω στα 30.	She is around 30.	30		num.
Είναι μέσης ηλικίας.	She is middle-aged.	μέσης		adj. μέσος, -η, -ο · f. gen. sg.
Έχει ξανθές ανταύγειες.	She has blonde highlights.	ξανθές		adj. ξανθός, -ιά, -ό · f. pl.
Ο άντρας είναι φαλακρός.	The man is bald.	Ο		art. m. sg. nom.
Μερικοί άνθρωποι το πιστεύουν.	Some people believe it.	Μερικοί		adj. μερικός, -ή, -ό · m. pl.
Δείχνει ικανό άνθρωπο.	It shows a capable person.	Δείχνει		v. δείχνω · 3 sg.
Το πρόσωπο δείχνει τον χαρακτήρα.	The face shows character.	χαρακτήρα		n. m. sg. ο χαρακτήρας, pl. οι χαρακτήρες · acc. sg.
Δείχνουν τους χαρακτήρες μας.	They show our characters.	Δείχνουν		v. δείχνω · 3 pl.
Χωρίζουν το πρόσωπο σε ζώνες.	They divide the face into zones.	Χωρίζουν		v. χωρίζω · 3 pl.
Της αρέσουν οι ταινίες.	She likes films.	αρέσουν		v. αρέσω · 3 pl.
Ξεκινάει από τη γραμμή των μαλλιών.	It starts from the hairline.	Ξεκινάει		v. ξεκινάω · 3 sg.
Φτάνει μέχρι τα φρύδια.	It reaches the eyebrows.	Φτάνει		v. φτάνω · 3 sg.
Η απόσταση είναι μεγάλη.	The distance is large.	Η		art. f. sg. nom.
Η δεύτερη ζώνη αρχίζει από τα φρύδια.	The second zone starts at the eyebrows.	δεύτερη		adj. δεύτερος, -η, -ο · f. sg.
Μερικοί άνθρωποι το πιστεύουν.	Some people believe it.	άνθρωποι		n. m. sg. ο άνθρωπος, pl. οι άνθρωποι
Μια ζώνη είναι πιο μεγάλη.	One zone is bigger.	ζώνη		n. f. sg. η ζώνη, pl. οι ζώνες
Τελειώνει στη μύτη.	It ends at the nose.	Τελειώνει		v. τελειώνω · 3 sg.
Δείχνουν τους χαρακτήρες μας.	They show our characters.	τους		art. m. pl. acc.
Η τρίτη ζώνη φτάνει στο πηγούνι.	The third zone reaches the chin.	τρίτη		adj. τρίτος, -η, -ο · f. sg.
Τότε έχουμε πληροφορίες.	Then we have information.	Τότε		adv.
Ξεκινάει από τη γραμμή των μαλλιών.	It starts from the hairline.	από		prep.
Φτάνει μέχρι τα φρύδια.	It reaches the eyebrows.	μέχρι		prep.
Η πρώτη ζώνη είναι το μέτωπο.	The first zone is the forehead.	πρώτη		adj. πρώτος, -η, -ο · f. sg.
Το μέτωπο συμβολίζει τη σκέψη.	The forehead symbolizes thought.	συμβολίζει		v. συμβολίζω · 3 sg.
Φανερώνει το συναίσθημα.	It reveals emotion.	Φανερώνει		v. φανερώνω · 3 sg.
Μια ζώνη είναι πιο μεγάλη.	One zone is bigger.	πιο		adv.
Τελειώνει στη μύτη.	It ends at the nose.	στη		prep. + art. f. sg. acc.
Δείχνουν τους χαρακτήρες μας.	They show our characters.	μας		pron. 1 pl. gen.
Υπάρχουν τρεις τύποι μετώπων.	There are three types of forehead.	Υπάρχουν		v. υπάρχω · 3 pl.
Πηγαίνουν προς τα πίσω.	They slope backwards.	Πηγαίνουν		v. πηγαίνω · 3 pl.
Ξεκινάει από τη γραμμή των μαλλιών.	It starts from the hairline.	των		art. pl. gen.
Τότε έχουμε πληροφορίες.	Then we have information.	έχουμε		v. έχω · 1 pl.
Μερικά μέτωπα προεξέχουν.	Some foreheads jut out.	Μερικά		adj. μερικός, -ή, -ό · n. pl.
Ο πρώτος τύπος είναι ευαίσθητος.	The first type is sensitive.	τύπος		n. m. sg. ο τύπος, pl. οι τύποι
Είναι σταθερός χαρακτήρας.	He is a steady character.	χαρακτήρας		n. m. sg. ο χαρακτήρας, pl. οι χαρακτήρες
Τα παραμύθια έχουν επιτυχία.	The fairy tales are a success.	έχουν		v. έχω · 3 pl.
Οι έξυπνοι έχουν μεγάλο μέτωπο.	Clever people have a large forehead.	μεγάλο		adj. μεγάλος, -η, -ο · n. sg.
Είναι ευγενικός άνθρωπος.	He is a polite person.	άνθρωπος		n. m. sg. ο άνθρωπος, pl. οι άνθρωποι
Υπάρχουν τρεις τύποι μετώπων.	There are three types of forehead.	μετώπων		n. nt. sg. το μέτωπο, pl. τα μέτωπα · gen. pl.
Πηγαίνουν προς τα πίσω.	They slope backwards.	προς		prep.
Ξεκινάει από τη γραμμή των μαλλιών.	It starts from the hairline.	μαλλιών		n. nt. sg. το μαλλί, pl. τα μαλλιά · gen. pl.
Δείχνει ικανό άνθρωπο.	It shows a capable person.	άνθρωπο		n. m. sg. ο άνθρωπος, pl. οι άνθρωποι · acc. sg.
Θυμώνει πολύ εύκολα.	He gets angry very easily.	πολύ		adv.
Μερικά μέτωπα προεξέχουν.	Some foreheads jut out.	μέτωπα		n. nt. sg. το μέτωπο, pl. τα μέτωπα
Πιστεύετε στα παραπάνω;	Do you believe the above?	Πιστεύετε		v. πιστεύω · 2 pl.
Πόσο αληθινά είναι;	How true are they?	Πόσο		adv.
Η Μαρία έχει ικανότητες.	Maria has abilities.	Μαρία		name f.
Έχει πίστη στον εαυτό της.	She has faith in herself.	στον		prep. + art. m. sg. acc.
Είναι 20 χρονών.	She is 20 years old.	20		num.
Γράφει ωραία παραμύθια.	She writes nice fairy tales.	Γράφει		v. γράφω · 3 sg.
Βρίσκουμε πληροφορίες για τα έθιμα.	We find information about the customs.	Βρίσκουμε		v. βρίσκω · 1 pl.
Ο σκύλος συμβολίζει τη φιλία.	The dog symbolizes friendship.	σκύλος		n. m. sg. ο σκύλος, pl. οι σκύλοι
Σπουδάζει ψυχολογία.	She studies psychology.	Σπουδάζει		v. σπουδάζω · 3 sg.
Κάνει όνειρα.	She dreams.	Κάνει		v. κάνω · 3 sg.
Ταίριαξε τις εικόνες.	Match the pictures.	Ταίριαξε		v. ταιριάζω · imp. sg.
Συμπλήρωσε τον πίνακα.	Fill in the table.	Συμπλήρωσε		v. συμπληρώνω · imp. sg.
Διάλεξε πέντε λέξεις.	Pick five words.	Διάλεξε		v. διαλέγω · imp. sg.
Έχει πίστη στον εαυτό της.	She has faith in herself.	εαυτό		n. m. sg. ο εαυτός · acc. sg.
Φτιάξε προτάσεις.	Make sentences.	Φτιάξε		v. φτιάχνω · imp. sg.
Γράφει ωραία παραμύθια.	She writes nice fairy tales.	ωραία		adv.
Βρίσκουμε πληροφορίες για τα έθιμα.	We find information about the customs.	για		prep.
Διάλεξε την κατάλληλη λέξη.	Pick the right word.	λέξη		n. f. sg. η λέξη, pl. οι λέξεις
Γίνετε ζευγάρια.	Work in pairs.	Γίνετε		v. γίνομαι · imp. pl.
Ανήκουν στην ίδια οικογένεια.	They belong to the same family.	Ανήκουν		v. ανήκω · 3 pl.
Ταίριαξε τις εικόνες.	Match the pictures.	τις		art. f. pl. acc.
Γεια σας!	Hello!	Γεια		intj.
Διάλεξε πέντε λέξεις.	Pick five words.	πέντε		num.
Βρες κάποιον που	Find someone who	κάποιον		pron. m. sg. acc.
ή περισσότερα	or more	περισσότερα		adj. πολύς, πολλή, πολύ · comp. n. pl.
Μια φορά κι έναν καιρό	Once upon a time	φορά		n. f. sg. η φορά, pl. οι φορές
έζησαν αυτοί καλά	they lived well	έζησαν		v. ζω · 3 pl. past
κι εμείς καλύτερα	and we lived even better	καλύτερα		adj. καλός, -ή, -ό
στη βάση της μύτης	at the base of the nose	βάση		n. f. sg. η βάση, pl. οι βάσεις
Ανήκουν στην ίδια οικογένεια.	They belong to the same family.	ίδια		adj. ίδιος, -α, -ο · f. sg.
στην άκρη του πηγουνιού	at the tip of the chin	άκρη		n. f. sg. η άκρη, pl. οι άκρες
σαν τόξο	like a bow	τόξο		n. nt. sg. το τόξο, pl. τα τόξα
οριζόντια φρύδια	horizontal eyebrows	οριζόντια		adj. οριζόντιος, -α, -ο · n. pl.
Ίσως τα ανθρώπινα πρόσωπα	Maybe human faces	Ίσως		adv.
που δεν μαλώνει ποτέ	who never argues	ποτέ		adv.
τουλάχιστον πέντε λέξεις	at least five words	τουλάχιστον		adv.
με τις φωτογραφίες	with the photographs	φωτογραφίες		n. f. sg. η φωτογραφία, pl. οι φωτογραφίες
τα ανθρώπινα πρόσωπα	human faces	ανθρώπινα		adj. ανθρώπινος, -η, -ο · n. pl.
Γεια σας!	Hello!	σας		pron. 2 pl. gen.
Βρες κάποιον που	Find someone who	Βρες		v. βρίσκω · imp. sg.
ή περισσότερα	or more	ή		conj.
κι εμείς καλύτερα	and we lived even better	κι		conj.
Μια φορά κι έναν καιρό	Once upon a time	καιρό		n. m. sg. ο καιρός, pl. οι καιροί · acc. sg.
έζησαν αυτοί καλά	they lived well	αυτοί		pron. m. pl. nom.
στη βάση της μύτης	at the base of the nose	μύτης		n. f. sg. η μύτη, pl. οι μύτες · gen. sg.
στην άκρη του πηγουνιού	at the tip of the chin	πηγουνιού		n. nt. sg. το πηγούνι · gen. sg.
με τις φωτογραφίες	with the photographs	με		prep.
σαν τόξο	like a bow	σαν		prep.
τα ανθρώπινα πρόσωπα	human faces	πρόσωπα		n. nt. sg. το πρόσωπο, pl. τα πρόσωπα
Βρες κάποιον που	Find someone who	που		pron. rel.
μάθημα	lesson	μάθημα		n. nt. sg. το μάθημα, pl. τα μαθήματα
κι εμείς καλύτερα	and we lived even better	εμείς		pron. 1 pl. nom.
στόχος	aim	στόχος		n. m. sg. ο στόχος, pl. οι στόχοι
μαλλιά	hair	μαλλιά		n. nt. sg. το μαλλί, pl. τα μαλλιά
μάτια	eyes	μάτια		n. nt. sg. το μάτι, pl. τα μάτια
έζησαν αυτοί καλά	they lived well	καλά		adv.
μουσική	music	μουσική		n. f. sg. η μουσική
αρέσει	he or she likes	αρέσει		v. αρέσω · 3 sg.
κοπέλα	girl	κοπέλα		n. f. sg. η κοπέλα, pl. οι κοπέλες
άντρας	man	άντρας		n. m. sg. ο άντρας, pl. οι άντρες
σύμβολο	symbol	σύμβολο		n. nt. sg. το σύμβολο, pl. τα σύμβολα
δύναμη	strength	δύναμη		n. f. sg. η δύναμη, pl. οι δυνάμεις
κουνέλι	rabbit	κουνέλι		n. nt. sg. το κουνέλι, pl. τα κουνέλια
πρώτος	first	πρώτος		adj. πρώτος, -η, -ο
δεύτερος	second	δεύτερος		adj. δεύτερος, -η, -ο
τρίτος	third	τρίτος		adj. τρίτος, -η, -ο
τρεις	three	τρεις		num.
εύκολα	easily	εύκολα		adv.
πιστός	loyal	πιστός		adj. πιστός, -ή, -ό
αρχή	beginning	αρχή		n. f. sg. η αρχή, pl. οι αρχές
αρχικός	initial	αρχικός		adj. αρχικός, -ή, -ό
τέλος	end	τέλος		n. nt. sg. το τέλος
τελικός	final	τελικός		adj. τελικός, -ή, -ό
πληροφορώ	I inform	πληροφορώ		v. πληροφορώ
πληροφοριακός	informational	πληροφοριακός		adj. πληροφοριακός, -ή, -ό
συμβολίζω	I symbolize	συμβολίζω		v. συμβολίζω
συμβολικός	symbolic	συμβολικός		adj. συμβολικός, -ή, -ό
ευαισθησία	sensitivity	ευαισθησία		n. f. sg. η ευαισθησία
φαντάζομαι	I imagine	φαντάζομαι		v. φαντάζομαι
φανταστικός	imaginative	φανταστικός		adj. φανταστικός, -ή, -ό
σκέφτομαι	I think	σκέφτομαι		v. σκέφτομαι
σκεπτικός	thoughtful	σκεπτικός		adj. σκεπτικός, -ή, -ό
ωριμάζω	I mature	ωριμάζω		v. ωριμάζω
ώριμος	mature	ώριμος		adj. ώριμος, -η, -ο
σημαίνω	I mean	σημαίνω		v. σημαίνω
σημαντικός	important	σημαντικός		adj. σημαντικός, -ή, -ό
ευγένεια	politeness	ευγένεια		n. f. sg. η ευγένεια
σεμνότητα	modesty	σεμνότητα		n. f. sg. η σεμνότητα
απλότητα	simplicity	απλότητα		n. f. sg. η απλότητα
δυναμώνω	I grow stronger	δυναμώνω		v. δυναμώνω
νευρικός	nervous	νευρικός		adj. νευρικός, -ή, -ό
ηρεμώ	I calm down	ηρεμώ		v. ηρεμώ
ηρεμία	calmness	ηρεμία		n. f. sg. η ηρεμία
ευκολία	ease	ευκολία		n. f. sg. η ευκολία
τελειώνω	I finish	τελειώνω		v. τελειώνω
φτάνω	I reach	φτάνω		v. φτάνω
ξεκινάω	I start	ξεκινάω		v. ξεκινάω
δείχνω	I show	δείχνω		v. δείχνω
έχω	I have	έχω		v. έχω
είμαι	I am	είμαι		v. είμαι
